Phase ID,Phase Name,Status,Priority,End Date,Start Date,Weeks,Features,Deliverables,Depends On,Resources,Notes
1,Firebase Backend,Completed,High,15-Oct-25,01-Oct-25,2,6,Firebase + Auth + Firestore + Storage + Config,None,1 Backend Dev,Deployed to production
2,User Authentication,Completed,High,22-Oct-25,16-Oct-25,1,7,Signup + Login + Reset + Sessions + Protected routes,Phase 1,1 Full-stack Dev,Email/password auth
3,Design Generation,Completed,High,29-Oct-25,23-Oct-25,1,9,Manual mode + AI (Gemini) + 5 types + Materials + Cost calc,Phase 1,1 Full-stack Dev,AI-powered generation
4,Design Management,Completed,High,05-Nov-25,30-Oct-25,1,7,Save + View + Delete + Cards + Details,Phase 3,1 Full-stack Dev,Firestore CRUD
5,UI/UX Design,Completed,High,12-Nov-25,06-Nov-25,1,8,IKEA palette + Responsive + Components + Toasts,None,1 Frontend Dev,Tailwind CSS
6,Logo & Branding,Completed,Medium,14-Nov-25,13-Nov-25,0.5,4,Logo + SVG + Branding + Favicon,Phase 5,1 Designer,Brand identity
7,Orders & Export,Completed,High,19-Nov-25,15-Nov-25,0.5,28,Order system + Status + PDF/CSV export + Search,Phase 4,1 Full-stack Dev,jsPDF integration
8,Testing & Polish,Completed,High,21-Nov-25,20-Nov-25,0.5,23,Error handling + Skeletons + A11y + Optimization,Phase 7,1 Full-stack + QA,Lighthouse >90
9,Production Deploy,Completed,High,22-Nov-25,21-Nov-25,0.5,27,SEO + PWA + Analytics + Build + Docs,Phase 8,1 DevOps + Dev,Live production
10,3D Algorithm,Completed,High,25-Dec-25,25-Nov-25,4.5,12,Physics + 3D generator + Scaling + Validation,Phase 9,2 Full-stack Devs,Core logic finalized
11,Admin Panel,Completed,High,10-Jan-26,26-Dec-25,2,8,Auth + Dashboard + Order mgmt + Analytics,Phase 10,2 Devs (Full/Front),Finished early with bonus features
12,E-commerce,Completed,Medium,30-Jan-26,02-Jan-26,4,7,Payment + Cart + Processing + Invoices + Shipping,Phase 11,2 Devs (Full/Payment),Adjusted schedule
,,,,,,,,,,,
PROJECT SUMMARY,,,,,,,,,,,
Completed Phases,9,Oct-Nov 2025,,,,100+,,,Core platform fully functional and deployed,,
Critical Path Phases (Pre-Jan 15 2026),3,Nov 2025 - Jan 2026,,7.5 weeks,27,"Phase 10 (3D Algorithm), Phase 11 (Admin), Phase 12 (E-commerce)",,AGGRESSIVE TIMELINE: Requires 2-3 developers in parallel,,,
Total Project Phases,12,,,,,127,,,,,
Current Status,Production (v1.0.0),22-Nov-25,,,,,Live application with 100% core features implemented; 10 pages; 30+ components; 5 services,,,,
Deadline Target,Version 2.0.0,15-Jan-26,,,,27 new features,"3D Preview, Admin Panel, E-commerce (test mode)",,CRITICAL: All hands on deck Dec 2025 - Jan 2026; parallel development required,,
Tech Stack,"React 19, Vite 6, Firebase, Tailwind CSS, jsPDF, Google Gemini AI, Three.js, Stripe/Razorpay",,,,,,,,,,
Deployment,Firebase Hosting,,,,,,,https://game-71a25.web.app,Continuous deployment with feature flags,,
Repository,GitHub,,,,,,,Version controlled with deployment scripts,,,
,,,,,,,,,,,
SPRINT BREAKDOWN (Nov 25 2025 - Jan 15 2026),,,,,,,,,,,
Sprint 1: 3D Algorithm Foundation,25 Nov - 08 Dec 2025,,,2 weeks,,"Physics engine, material properties, load calculations",,2 developers working in parallel,,,
Sprint 2: 3D Preview & Admin Auth,09 Dec - 22 Dec 2025,,,2 weeks,,"Three.js integration, Admin authentication, User management dashboard",,3 developers (1 on 3D, 2 on admin),,
Sprint 3: E-commerce Integration,23 Dec 2025 - 05 Jan 2026,,,2 weeks,,"Payment gateway, Shopping cart, Order payment processing",,2 developers (payment specialist + full-stack),,,
Sprint 4: Testing & Deployment,06 Jan - 15 Jan 2026,,,1.5 weeks,,"Integration testing, Bug fixes, Performance optimization, Production deployment",,All developers + QA,,,
